ID,year,module,video_name,summary_path,,,,
1,Year 1, Module 1,10-00 The Law of Similars Carol Boyce v2,"./summary/Year 1, Module 1/10-00 The Law of Similars Carol Boyce v2-summary.txt",,,,
2,Year 1, Module 1,11-15 Introduction to Homeopathy - Tony Hurley [Smaller] UPDATED TITLES,"./summary/Year 1, Module 1/11-15 Introduction to Homeopathy - Tony Hurley [Smaller] UPDATED TITLES-summary.txt",,,,
3,Year 1, Module 1,11.15 Arnica and Calendula,"./summary/Year 1, Module 1/11.15 Arnica and Calendula-summary.txt",,,,
4,Year 1, Module 1,13.30 Natasa Peric Pharmacy v2,"./summary/Year 1, Module 1/13.30 Natasa Peric Pharmacy v2-summary.txt",,,,
5,Year 1, Module 1,13.45 Introduction to Materia Medica - Tony Hurley v2,"./summary/Year 1, Module 1/13.45 Introduction to Materia Medica - Tony Hurley v2-summary.txt",,,,
6,Year 1, Module 1,15-00 Calc Carb Tony Hurley_1 [SMALLER],"./summary/Year 1, Module 1/15-00 Calc Carb Tony Hurley_1 [SMALLER]-summary.txt",,,,
7,Year 1, Module 1,15.00 The History of Homeopathy Dion Tabrett v2 [SMALLER],"./summary/Year 1, Module 1/15.00 The History of Homeopathy Dion Tabrett v2 [SMALLER]-summary.txt",,,,
8,Year 1, Module 1,16-30 Sulphur Tony Hurley [SMALLER],"./summary/Year 1, Module 1/16-30 Sulphur Tony Hurley [SMALLER]-summary.txt",,,,
9,Year 1, Module 1,16.15 Gelsemium Robert Bridge [SMALLER],"./summary/Year 1, Module 1/16.15 Gelsemium Robert Bridge [SMALLER]-summary.txt",,,,
10,Year 1, Module 10,DAY 1 1000 Tony Hurley The Tissue Salts (Under 4GB)_1,"./summary/Year 1, Module 10/DAY 1 1000 Tony Hurley The Tissue Salts (Under 4GB)_1-summary.txt",,,,
11,Year 1, Module 10,DAY 1 1130 Tony Hurley The Tissue Salts_1,"./summary/Year 1, Module 10/DAY 1 1130 Tony Hurley The Tissue Salts_1-summary.txt",,,,
12,Year 1, Module 10,DAY 1 1330 Maggie Dixon Practitioner Development EDIT,"./summary/Year 1, Module 10/DAY 1 1330 Maggie Dixon Practitioner Development EDIT-summary.txt",,,,
13,Year 1, Module 10,DAY 1 1500 Marcus Fernandez EDIT 2,"./summary/Year 1, Module 10/DAY 1 1500 Marcus Fernandez EDIT 2-summary.txt",,,,
14,Year 1, Module 10,DAY 1 1615 Marcus Fernandez EDIT,"./summary/Year 1, Module 10/DAY 1 1615 Marcus Fernandez EDIT-summary.txt",,,,
15,Year 1, Module 10,DAY 2 1130 Taryn Jacobs The Endocrine System pt 2_1,"./summary/Year 1, Module 10/DAY 2 1130 Taryn Jacobs The Endocrine System pt 2_1-summary.txt",,,,
16,Year 1, Module 10,DAY 2 1500 Dion Tabrett,"./summary/Year 1, Module 10/DAY 2 1500 Dion Tabrett-summary.txt",,,,
17,Year 1, Module 2,01 Taryn Jacobs - Introduction to Integrated Human Health v1.2.mp4,"./summary/Year 1, Module 2/01 Taryn Jacobs - Introduction to Integrated Human Health v1.2.mp4-summary.txt",,,,
18,Year 1, Module 2,02 TONY HURLEY THE LAW OF CURE v1 [SMALLER]-003,"./summary/Year 1, Module 2/02 TONY HURLEY THE LAW OF CURE v1 [SMALLER]-003-summary.txt",,,,
19,Year 1, Module 2,03 Arg Nit Maggie Dixon 2-002,"./summary/Year 1, Module 2/03 Arg Nit Maggie Dixon 2-002-summary.txt",,,,
20,Year 1, Module 2,04 Susceptibility Mike Bridger [SMALLER]-001,"./summary/Year 1, Module 2/04 Susceptibility Mike Bridger [SMALLER]-001-summary.txt",,,,
21,Year 1, Module 2,05 Phosphorous Mike Bridger-003,"./summary/Year 1, Module 2/05 Phosphorous Mike Bridger-003-summary.txt",,,,
22,Year 1, Module 2,06 Introduction to the Repertory-002,"./summary/Year 1, Module 2/06 Introduction to the Repertory-002-summary.txt",,,,
23,Year 1, Module 2,07 Acute Case Taking-002,"./summary/Year 1, Module 2/07 Acute Case Taking-002-summary.txt",,,,
24,Year 1, Module 2,08 Study Skills - Natasa Peric-003,"./summary/Year 1, Module 2/08 Study Skills - Natasa Peric-003-summary.txt",,,,
25,Year 1, Module 2,09 Lycopodium-004,"./summary/Year 1, Module 2/09 Lycopodium-004-summary.txt",,,,
26,Year 1, Module 2,10 Potency - Susi Deller [No Timecode]-001,"./summary/Year 1, Module 2/10 Potency - Susi Deller [No Timecode]-001-summary.txt",,,,
27,Year 1, Module 3,SAT 1000 Natrum Mur Marcus Fernandez v2-002,"./summary/Year 1, Module 3/SAT 1000 Natrum Mur Marcus Fernandez v2-002-summary.txt",,,,
28,Year 1, Module 3,SAT 1130  Repertory Work Marcus Fernandez Cop,"./summary/Year 1, Module 3/SAT 1130  Repertory Work Marcus Fernandez Cop-summary.txt",,,,
29,Year 1, Module 3,SAT 1300 Ignatia Hilery Dorrian-005,"./summary/Year 1, Module 3/SAT 1300 Ignatia Hilery Dorrian-005-summary.txt",,,,
30,Year 1, Module 3,SAT 1500 Acute Case Taking Robert Bridge-004,"./summary/Year 1, Module 3/SAT 1500 Acute Case Taking Robert Bridge-004-summary.txt",,,,
31,Year 1, Module 3,SAT 1615 Dion Tabrett Homeopathy The Evidence-003,"./summary/Year 1, Module 3/SAT 1615 Dion Tabrett Homeopathy The Evidence-003-summary.txt",,,,
32,Year 1, Module 3,SUN 1000 Ralf Jeutter The Concept of HEalth and Disease-005,"./summary/Year 1, Module 3/SUN 1000 Ralf Jeutter The Concept of HEalth and Disease-005-summary.txt",,,,
33,Year 1, Module 3,SUN 1130 Ralf Jeutter The Concept of Health and Disease Part 2-003,"./summary/Year 1, Module 3/SUN 1130 Ralf Jeutter The Concept of Health and Disease Part 2-003-summary.txt",,,,
34,Year 1, Module 3,SUN 1330 TARYN JACOBS Integrated Human Health-004,"./summary/Year 1, Module 3/SUN 1330 TARYN JACOBS Integrated Human Health-004-summary.txt",,,,
35,Year 1, Module 3,SUN 1500 HILERY DORRIAN Hepar Sulf_1 [Croup Slide Rescaled)-002,"./summary/Year 1, Module 3/SUN 1500 HILERY DORRIAN Hepar Sulf_1 [Croup Slide Rescaled)-002-summary.txt",,,,
36,Year 1, Module 3,SUN 1615 HILERY DORRIAN Pulsatilla-001,"./summary/Year 1, Module 3/SUN 1615 HILERY DORRIAN Pulsatilla-001-summary.txt",,,,
37,Year 1, Module 4,Day 1 1000 Marcus Fernandez Repertory Work,"./summary/Year 1, Module 4/Day 1 1000 Marcus Fernandez Repertory Work-summary.txt",,,,
38,Year 1, Module 4,Day 1 1145 Taryn Jacobs - Integrated Human Sciences-002,"./summary/Year 1, Module 4/Day 1 1145 Taryn Jacobs - Integrated Human Sciences-002-summary.txt",,,,
39,Year 1, Module 4,Day 1 1330 Sepia Maggie Dixon-004,"./summary/Year 1, Module 4/Day 1 1330 Sepia Maggie Dixon-004-summary.txt",,,,
40,Year 1, Module 4,DAY 1 1500 Mike Bridger The Concept of Suppression v2-003,"./summary/Year 1, Module 4/DAY 1 1500 Mike Bridger The Concept of Suppression v2-003-summary.txt",,,,
41,Year 1, Module 4,DAY 1 1630 Mike Bridger Silica,"./summary/Year 1, Module 4/DAY 1 1630 Mike Bridger Silica-summary.txt",,,,
42,Year 1, Module 4,DAY 2 1000 Tony Hurley Aconite-001,"./summary/Year 1, Module 4/DAY 2 1000 Tony Hurley Aconite-001-summary.txt",,,,
43,Year 1, Module 4,DAY 2 1130 Tony Hurley Belladonna and chamomilla v2 Adjust Lighting and Angle-002,"./summary/Year 1, Module 4/DAY 2 1130 Tony Hurley Belladonna and chamomilla v2 Adjust Lighting and Angle-002-summary.txt",,,,
44,Year 1, Module 4,Day 2 1330 Dion Tabrett - The Classical Method-003,"./summary/Year 1, Module 4/Day 2 1330 Dion Tabrett - The Classical Method-003-summary.txt",,,,
45,Year 1, Module 4,DAY 2 1500 Ralf Jeuter The Concept of Health and Disease II-004,"./summary/Year 1, Module 4/DAY 2 1500 Ralf Jeuter The Concept of Health and Disease II-004-summary.txt",,,,
46,Year 1, Module 4,DAY 2 1615 Ralf Jeuter The Concept of Health and Disease II Copy 01,"./summary/Year 1, Module 4/DAY 2 1615 Ralf Jeuter The Concept of Health and Disease II Copy 01-summary.txt",,,,
47,Year 1, Module 5,DAY 1 - 10-00 Mike Bridger The Hierarchy of Symptoms,"./summary/Year 1, Module 5/DAY 1 - 10-00 Mike Bridger The Hierarchy of Symptoms-summary.txt",,,,
48,Year 1, Module 5,DAY 1 - 1130 Mike Bridger Staphysagria,"./summary/Year 1, Module 5/DAY 1 - 1130 Mike Bridger Staphysagria-summary.txt",,,,
49,Year 1, Module 5,DAY 1 - 1330 Maggie Dixon Perspectives of Health v2,"./summary/Year 1, Module 5/DAY 1 - 1330 Maggie Dixon Perspectives of Health v2-summary.txt",,,,
50,Year 1, Module 5,DAY 1 - 1500 Suzi Deller Potency Review-,"./summary/Year 1, Module 5/DAY 1 - 1500 Suzi Deller Potency Review--summary.txt",,,,
51,Year 1, Module 5,DAY 1 - 1615 Suzi Deller Classical Case,"./summary/Year 1, Module 5/DAY 1 - 1615 Suzi Deller Classical Case-summary.txt",,,,
52,Year 1, Module 5,DAY 2 - 1000 Ralf Jeutter v2,"./summary/Year 1, Module 5/DAY 2 - 1000 Ralf Jeutter v2-summary.txt",,,,
53,Year 1, Module 5,DAY 2 - 1130 Ralf Jeutter,"./summary/Year 1, Module 5/DAY 2 - 1130 Ralf Jeutter-summary.txt",,,,
54,Year 1, Module 5,DAY 2 - 1330 Taryn Jacobs Skin 1,"./summary/Year 1, Module 5/DAY 2 - 1330 Taryn Jacobs Skin 1-summary.txt",,,,
55,Year 1, Module 5,DAY 2 - 1500 Taryn Jacobs Skin 2,"./summary/Year 1, Module 5/DAY 2 - 1500 Taryn Jacobs Skin 2-summary.txt",,,,
56,Year 1, Module 5,DAY 2 - 1615 Tony Hurley Arsenicum Album,"./summary/Year 1, Module 5/DAY 2 - 1615 Tony Hurley Arsenicum Album-summary.txt",,,,
57,Year 1, Module 6,DAY 1 1000 Taryn Jacobs The Nervous System EDIT_2,"./summary/Year 1, Module 6/DAY 1 1000 Taryn Jacobs The Nervous System EDIT_2-summary.txt",,,,
58,Year 1, Module 6,DAY 1 1130 Taryn Jacobs The Nervous System Part 2 EDIT_1,"./summary/Year 1, Module 6/DAY 1 1130 Taryn Jacobs The Nervous System Part 2 EDIT_1-summary.txt",,,,
59,Year 1, Module 6,DAY 1 1330 Colin Griffith EDIT,"./summary/Year 1, Module 6/DAY 1 1330 Colin Griffith EDIT-summary.txt",,,,
60,Year 1, Module 6,DAY 1 1500 Dion Tabrett EDIT,"./summary/Year 1, Module 6/DAY 1 1500 Dion Tabrett EDIT-summary.txt",,,,
61,Year 1, Module 6,DAY 1 1615 Dion Tabrett EDIT,"./summary/Year 1, Module 6/DAY 1 1615 Dion Tabrett EDIT-summary.txt",,,,
62,Year 1, Module 6,DAY 2 1000 Ralf Jeutter EDIT,"./summary/Year 1, Module 6/DAY 2 1000 Ralf Jeutter EDIT-summary.txt",,,,
63,Year 1, Module 6,DAY 2 1130 Ralf Jeutter 2 EDIT,"./summary/Year 1, Module 6/DAY 2 1130 Ralf Jeutter 2 EDIT-summary.txt",,,,
64,Year 1, Module 6,DAY 2 1330 Hilery Dorrian EDIT,"./summary/Year 1, Module 6/DAY 2 1330 Hilery Dorrian EDIT-summary.txt",,,,
65,Year 1, Module 6,DAY 2 1500 Dion Tabrett EDIT,"./summary/Year 1, Module 6/DAY 2 1500 Dion Tabrett EDIT-summary.txt",,,,
66,Year 1, Module 6,DAY 2 1615 Dion Tabrett 2 EDIT,"./summary/Year 1, Module 6/DAY 2 1615 Dion Tabrett 2 EDIT-summary.txt",,,,
67,Year 1, Module 7,DAY 1 10-00 Mike Bridger The Second Prescription,"./summary/Year 1, Module 7/DAY 1 10-00 Mike Bridger The Second Prescription-summary.txt",,,,
68,Year 1, Module 7,DAY 1 11-30 Mike Bridger The Second Prescription pt2,"./summary/Year 1, Module 7/DAY 1 11-30 Mike Bridger The Second Prescription pt2-summary.txt",,,,
69,Year 1, Module 7,DAY 1 13-30 Psorinum,"./summary/Year 1, Module 7/DAY 1 13-30 Psorinum-summary.txt",,,,
70,Year 1, Module 7,DAY 1 15-00 Taryn Jacobs,"./summary/Year 1, Module 7/DAY 1 15-00 Taryn Jacobs-summary.txt",,,,
71,Year 1, Module 7,DAY 1 16-15 Taryn Jacobs,"./summary/Year 1, Module 7/DAY 1 16-15 Taryn Jacobs-summary.txt",,,,
72,Year 1, Module 7,DAY 2 10-00 Tony Hurley - Syphilinum v3,"./summary/Year 1, Module 7/DAY 2 10-00 Tony Hurley - Syphilinum v3-summary.txt",,,,
73,Year 1, Module 7,DAY 2 11-30 Tony Hurley Tuburculinum v2,"./summary/Year 1, Module 7/DAY 2 11-30 Tony Hurley Tuburculinum v2-summary.txt",,,,
74,Year 1, Module 7,DAY 2 13-30 Caroline Gasin Sore Throats v2,"./summary/Year 1, Module 7/DAY 2 13-30 Caroline Gasin Sore Throats v2-summary.txt",,,,
75,Year 1, Module 7,DAY 2 1500 Mike Bridger Case Work and Repertory_1,"./summary/Year 1, Module 7/DAY 2 1500 Mike Bridger Case Work and Repertory_1-summary.txt",,,,
76,Year 1, Module 7,DAY 2 1615 Mike Bridger Mercury,"./summary/Year 1, Module 7/DAY 2 1615 Mike Bridger Mercury-summary.txt",,,,
77,Year 1, Module 9,10-00 Taryn Jacobs - Lymphatic and Immune System_v2,"./summary/Year 1, Module 9/10-00 Taryn Jacobs - Lymphatic and Immune System_v2-summary.txt",,,,
78,Year 1, Module 9,11-30 Taryn Jacobs - Lymphatic and Immune System pt 2_v2,"./summary/Year 1, Module 9/11-30 Taryn Jacobs - Lymphatic and Immune System pt 2_v2-summary.txt",,,,
79,Year 1, Module 9,13-30 Susi Deller The Timeline_v2,"./summary/Year 1, Module 9/13-30 Susi Deller The Timeline_v2-summary.txt",,,,
80,Year 1, Module 9,15-00 Carol Boyce Causation- Aetiology_v2,"./summary/Year 1, Module 9/15-00 Carol Boyce Causation- Aetiology_v2-summary.txt",,,,
81,Year 1, Module 9,16-15 Carol Boyce Hypericum- Ledum_v2,"./summary/Year 1, Module 9/16-15 Carol Boyce Hypericum- Ledum_v2-summary.txt",,,,
82,Year 1, Module 9,DAY 2 10-00 Tony HurleyRhus Tox and Rhuta_v2,"./summary/Year 1, Module 9/DAY 2 10-00 Tony HurleyRhus Tox and Rhuta_v2-summary.txt",,,,
83,Year 1, Module 9,DAY 2 11-30 Tony Hurley Carcinosin_EDIT v3,"./summary/Year 1, Module 9/DAY 2 11-30 Tony Hurley Carcinosin_EDIT v3-summary.txt",,,,
84,Year 1, Module 9,DAY 2 13-30 Robert Bridge Repertory- The Mind_v3,"./summary/Year 1, Module 9/DAY 2 13-30 Robert Bridge Repertory- The Mind_v3-summary.txt",,,,
85,Year 1, Module 9,DAY 2 15-00 Mike Bridger Miasm Review_v2 HLG_1,"./summary/Year 1, Module 9/DAY 2 15-00 Mike Bridger Miasm Review_v2 HLG_1-summary.txt",,,,
86,Year 1, Module 9,DAY 2 16-15 Mike Bridger Thuja_v2 HLG,"./summary/Year 1, Module 9/DAY 2 16-15 Mike Bridger Thuja_v2 HLG-summary.txt",,,,
87,Year 1 (Original), Module 01,1. Introduction to Homeopathy - Tony Hurley,"./summary/Year 1 (Original), Module 01/1. Introduction to Homeopathy - Tony Hurley-summary.txt",,,,
88,Year 1 (Original), Module 01,2. Introduction to Materia Medica - Tony Hurley,"./summary/Year 1 (Original), Module 01/2. Introduction to Materia Medica - Tony Hurley-summary.txt",,,,
89,Year 1 (Original), Module 01,3. Sulphur - Tony Hurley,"./summary/Year 1 (Original), Module 01/3. Sulphur - Tony Hurley-summary.txt",,,,
90,Year 1 (Original), Module 01,4. The History of Homeopathy - Dion Tabrett,"./summary/Year 1 (Original), Module 01/4. The History of Homeopathy - Dion Tabrett-summary.txt",,,,
91,Year 1 (Original), Module 01,5. The Law of Similars - Carol Boyce,"./summary/Year 1 (Original), Module 01/5. The Law of Similars - Carol Boyce-summary.txt",,,,
92,Year 1 (Original), Module 01,6. Arnica and Calendula - Carol Boyce,"./summary/Year 1 (Original), Module 01/6. Arnica and Calendula - Carol Boyce-summary.txt",,,,
93,Year 1 (Original), Module 01,7. The Law of Cure - Mike Bridger,"./summary/Year 1 (Original), Module 01/7. The Law of Cure - Mike Bridger-summary.txt",,,,
94,Year 1 (Original), Module 01,8. Calc Carb - Tony Hurley,"./summary/Year 1 (Original), Module 01/8. Calc Carb - Tony Hurley-summary.txt",,,,
95,Year 1 (Original), Module 01,Sat 19th Sept '20 Yr 1 pt 1,"./summary/Year 1 (Original), Module 01/Sat 19th Sept '20 Yr 1 pt 1-summary.txt",,,,
96,Year 1 (Original), Module 02,1 - Sian Moss- Intro to Anatomy,"./summary/Year 1 (Original), Module 02/1 - Sian Moss- Intro to Anatomy, Physiology & Pathology-summary.txt",,,,
97,Year 1 (Original), Module 02,2 - Dion Tabrett- Potency,"./summary/Year 1 (Original), Module 02/2 - Dion Tabrett- Potency-summary.txt",,,,
98,Year 1 (Original), Module 02,3 - Dion Tabrett- Introduction to the Repertory,"./summary/Year 1 (Original), Module 02/3 - Dion Tabrett- Introduction to the Repertory-summary.txt",,,,
99,Year 1 (Original), Module 02,4 - Tricia Allen- Acute Case taking,"./summary/Year 1 (Original), Module 02/4 - Tricia Allen- Acute Case taking-summary.txt",,,,
100,Year 1 (Original), Module 02,5 - Robert Bridge- Gelsemium,"./summary/Year 1 (Original), Module 02/5 - Robert Bridge- Gelsemium-summary.txt",,,,
101,Year 1 (Original), Module 02,6 - Ralf Jeutter- The Concept of Health & Disease I Part 1,"./summary/Year 1 (Original), Module 02/6 - Ralf Jeutter- The Concept of Health & Disease I Part 1-summary.txt",,,,
102,Year 1 (Original), Module 02,7 - Ralf Jeutter- The Concept of Health & Disease I Part 2,"./summary/Year 1 (Original), Module 02/7 - Ralf Jeutter- The Concept of Health & Disease I Part 2-summary.txt",,,, Physiology & Pathology-summary.txt
103,Year 1 (Original), Module 02,8 - Hilery Dorrian- Lycopodium,"./summary/Year 1 (Original), Module 02/8 - Hilery Dorrian- Lycopodium-summary.txt",,,,
104,Year 1 (Original), Module 02,9 - Tony Hurley- Phosphorus,"./summary/Year 1 (Original), Module 02/9 - Tony Hurley- Phosphorus-summary.txt",,,,
105,Year 1 (Original), Module 03,1. Organs and Tissues - Sian Moss,"./summary/Year 1 (Original), Module 03/1. Organs and Tissues - Sian Moss-summary.txt",,,,
106,Year 1 (Original), Module 03,10. Silica - Ralf Jeutter,"./summary/Year 1 (Original), Module 03/10. Silica - Ralf Jeutter-summary.txt",,,,
107,Year 1 (Original), Module 03,2. Nux Vomica - Tony Hurley,"./summary/Year 1 (Original), Module 03/2. Nux Vomica - Tony Hurley-summary.txt",,,,
108,Year 1 (Original), Module 03,3. Repertory Exercises,"./summary/Year 1 (Original), Module 03/3. Repertory Exercises-summary.txt",,,,
109,Year 1 (Original), Module 03,4. Staphysagria - Tony Hurley,"./summary/Year 1 (Original), Module 03/4. Staphysagria - Tony Hurley-summary.txt",,,,
110,Year 1 (Original), Module 03,5. Belladonna & Chamomilla - Tony Hurley,"./summary/Year 1 (Original), Module 03/5. Belladonna & Chamomilla - Tony Hurley-summary.txt",,,,
111,Year 1 (Original), Module 03,6. The Concept of Health & Disease II (Part 1) - Ralf Jeutter,"./summary/Year 1 (Original), Module 03/6. The Concept of Health & Disease II (Part 1) - Ralf Jeutter-summary.txt",,,,
112,Year 1 (Original), Module 03,7. The Concept of Health & Disease II (Part 2) - Ralf Jeutter_2,"./summary/Year 1 (Original), Module 03/7. The Concept of Health & Disease II (Part 2) - Ralf Jeutter_2-summary.txt",,,,
113,Year 1 (Original), Module 03,8. Ignatia - Hilery Dorrian,"./summary/Year 1 (Original), Module 03/8. Ignatia - Hilery Dorrian-summary.txt",,,,
114,Year 1 (Original), Module 03,9. Acute Cases - Robert Bridge,"./summary/Year 1 (Original), Module 03/9. Acute Cases - Robert Bridge-summary.txt",,,,
115,Year 1 (Original), Module 04,1. The Concept of Health & Disease III - Ralf Jeutter,"./summary/Year 1 (Original), Module 04/1. The Concept of Health & Disease III - Ralf Jeutter-summary.txt",,,,
116,Year 1 (Original), Module 04,2. Cardiac Physiology - Sian Moss EDITED,"./summary/Year 1 (Original), Module 04/2. Cardiac Physiology - Sian Moss EDITED-summary.txt",,,,
117,Year 1 (Original), Module 04,2. The Concept of Health & Disease III (Part 2) - Ralf Jeutter [AMENDED ],"./summary/Year 1 (Original), Module 04/2. The Concept of Health & Disease III (Part 2) - Ralf Jeutter [AMENDED ]-summary.txt",,,,
118,Year 1 (Original), Module 04,3. Hyperium - Ledum - Carol Boyce,"./summary/Year 1 (Original), Module 04/3. Hyperium - Ledum - Carol Boyce-summary.txt",,,,
119,Year 1 (Original), Module 04,4. The Classical Method - Dion Tabrett,"./summary/Year 1 (Original), Module 04/4. The Classical Method - Dion Tabrett-summary.txt",,,,
120,Year 1 (Original), Module 04,5. The Classical Method I - Dion Tabrett,"./summary/Year 1 (Original), Module 04/5. The Classical Method I - Dion Tabrett-summary.txt",,,,
121,Year 1 (Original), Module 04,6. Cellular Processes - Sian Morris,"./summary/Year 1 (Original), Module 04/6. Cellular Processes - Sian Morris-summary.txt",,,,
122,Year 1 (Original), Module 04,7. Cell physiology - Sian Moss,"./summary/Year 1 (Original), Module 04/7. Cell physiology - Sian Moss-summary.txt",,,,
123,Year 1 (Original), Module 04,8. Lachesis - Hilery Dorrian,"./summary/Year 1 (Original), Module 04/8. Lachesis - Hilery Dorrian-summary.txt",,,,
124,Year 1 (Original), Module 04,9. Chronic Case Taking - Tricia Allen,"./summary/Year 1 (Original), Module 04/9. Chronic Case Taking - Tricia Allen-summary.txt",,,,
125,Year 1 (Original), Module 05,1. Blood - Sian Moss,"./summary/Year 1 (Original), Module 05/1. Blood - Sian Moss-summary.txt",,,,
126,Year 1 (Original), Module 05,1. Cardiovascular System - Sian Moss,"./summary/Year 1 (Original), Module 05/1. Cardiovascular System - Sian Moss-summary.txt",,,,
127,Year 1 (Original), Module 05,4. The Classical Method II (Part 1) - Dion Tabrett EDITED,"./summary/Year 1 (Original), Module 05/4. The Classical Method II (Part 1) - Dion Tabrett EDITED-summary.txt",,,,
128,Year 1 (Original), Module 05,5. The Classical Method II (Part 2) - Dion Tabrett EDITED,"./summary/Year 1 (Original), Module 05/5. The Classical Method II (Part 2) - Dion Tabrett EDITED-summary.txt",,,,
129,Year 1 (Original), Module 05,6. James Tyler Kent - Ralf Jeutter EDITED,"./summary/Year 1 (Original), Module 05/6. James Tyler Kent - Ralf Jeutter EDITED-summary.txt",,,,
130,Year 1 (Original), Module 05,7. Materia Medica Review - Tony Hurley EDITED,"./summary/Year 1 (Original), Module 05/7. Materia Medica Review - Tony Hurley EDITED-summary.txt",,,,
131,Year 1 (Original), Module 05,8. Therapeutics Coughs - Hilery Dorrian,"./summary/Year 1 (Original), Module 05/8. Therapeutics Coughs - Hilery Dorrian-summary.txt",,,,
132,Year 1 (Original), Module 05,9. Pulsatilla - Tony Hurley,"./summary/Year 1 (Original), Module 05/9. Pulsatilla - Tony Hurley-summary.txt",,,,
133,Year 1 (Original), Module 06,10. Therapeutics- Sore Throats - Caroline Gaskin,"./summary/Year 1 (Original), Module 06/10. Therapeutics- Sore Throats - Caroline Gaskin-summary.txt",,,,
134,Year 1 (Original), Module 06,2. Classical Method II - Dion Tabrett DO NOT USE,"./summary/Year 1 (Original), Module 06/2. Classical Method II - Dion Tabrett DO NOT USE-summary.txt",,,,
135,Year 1 (Original), Module 06,3. Arsenicum Album - Mike Bridger,"./summary/Year 1 (Original), Module 06/3. Arsenicum Album - Mike Bridger-summary.txt",,,,
136,Year 1 (Original), Module 06,4. Kent & Hahnemann (Part 1) - Ralf Jeutter,"./summary/Year 1 (Original), Module 06/4. Kent & Hahnemann (Part 1) - Ralf Jeutter-summary.txt",,,,
137,Year 1 (Original), Module 06,5. Kent & Hahnemann (Part 2) - Ralf Jeutter,"./summary/Year 1 (Original), Module 06/5. Kent & Hahnemann (Part 2) - Ralf Jeutter-summary.txt",,,,
138,Year 1 (Original), Module 06,6. Nat Mur - Marcus Fernandez,"./summary/Year 1 (Original), Module 06/6. Nat Mur - Marcus Fernandez-summary.txt",,,,
139,Year 1 (Original), Module 06,8. Bryonia - Hilery Dorrian,"./summary/Year 1 (Original), Module 06/8. Bryonia - Hilery Dorrian-summary.txt",,,,
140,Year 1 (Original), Module 06,9. Practical Case Analysis - Caroline Gaskin,"./summary/Year 1 (Original), Module 06/9. Practical Case Analysis - Caroline Gaskin-summary.txt",,,,
141,Year 1 (Original), Module 06,Potency Review,"./summary/Year 1 (Original), Module 06/Potency Review-summary.txt",,,,
142,Year 1 (Original), Module 07,1. The Council Chambers Room - Sian Moss,"./summary/Year 1 (Original), Module 07/1. The Council Chambers Room - Sian Moss-summary.txt",,,,
143,Year 1 (Original), Module 07,10. The Timeline - Susi Deller,"./summary/Year 1 (Original), Module 07/10. The Timeline - Susi Deller-summary.txt",,,,
144,Year 1 (Original), Module 07,2. Rhus Tox & Symphytum - Tony Hurley,"./summary/Year 1 (Original), Module 07/2. Rhus Tox & Symphytum - Tony Hurley-summary.txt",,,,
145,Year 1 (Original), Module 07,3. The Effects of Old Injuries - Colin Griffith,"./summary/Year 1 (Original), Module 07/3. The Effects of Old Injuries - Colin Griffith-summary.txt",,,,
146,Year 1 (Original), Module 07,4. Physiology of Injuries _ Infection - Sian Moss,"./summary/Year 1 (Original), Module 07/4. Physiology of Injuries _ Infection - Sian Moss-summary.txt",,,,
147,Year 1 (Original), Module 07,5. Ruta & Eupatorium Perf - Tony Hurley,"./summary/Year 1 (Original), Module 07/5. Ruta & Eupatorium Perf - Tony Hurley-summary.txt",,,,
148,Year 1 (Original), Module 07,6. Pharmacy - Jane Weddell,"./summary/Year 1 (Original), Module 07/6. Pharmacy - Jane Weddell-summary.txt",,,,
149,Year 1 (Original), Module 07,7. Pharmacy - Jane Weddell,"./summary/Year 1 (Original), Module 07/7. Pharmacy - Jane Weddell-summary.txt",,,,
150,Year 1 (Original), Module 07,8. Introduction to Miasms (Part 1) - Dion Tabrett,"./summary/Year 1 (Original), Module 07/8. Introduction to Miasms (Part 1) - Dion Tabrett-summary.txt",,,,
151,Year 1 (Original), Module 07,9. Introduction to Miasms (Part 2) - Dion Tabrett,"./summary/Year 1 (Original), Module 07/9. Introduction to Miasms (Part 2) - Dion Tabrett-summary.txt",,,,
152,Year 1 (Original), Module 08,1. Muscular Sceletal System - Sian Moss,"./summary/Year 1 (Original), Module 08/1. Muscular Sceletal System - Sian Moss-summary.txt",,,,
153,Year 1 (Original), Module 08,2. Psorinum - Tony Hurley-010,"./summary/Year 1 (Original), Module 08/2. Psorinum - Tony Hurley-010-summary.txt",,,,
154,Year 1 (Original), Module 08,3. Sepia - Hilery Dorrian,"./summary/Year 1 (Original), Module 08/3. Sepia - Hilery Dorrian-summary.txt",,,,
155,Year 1 (Original), Module 08,4. The Second Prescription - Mike Bridger,"./summary/Year 1 (Original), Module 08/4. The Second Prescription - Mike Bridger-summary.txt",,,,
156,Year 1 (Original), Module 08,5. Remedy Review - Tony Hurley,"./summary/Year 1 (Original), Module 08/5. Remedy Review - Tony Hurley-summary.txt",,,,
157,Year 1 (Original), Module 08,5. Remedy Review - Tony HurleyCopy of,"./summary/Year 1 (Original), Module 08/5. Remedy Review - Tony HurleyCopy of-summary.txt",,,,
158,Year 1 (Original), Module 08,6. Case Taking (Aphorism 82-102) - Ralf Jeutter,"./summary/Year 1 (Original), Module 08/6. Case Taking (Aphorism 82-102) - Ralf Jeutter-summary.txt",,,,
159,Year 1 (Original), Module 08,7. Case Taking (Aphorism 82-102) - Ralf Jeutter,"./summary/Year 1 (Original), Module 08/7. Case Taking (Aphorism 82-102) - Ralf Jeutter-summary.txt",,,,
160,Year 1 (Original), Module 08,8. Medorrhinum - Tony Hurley,"./summary/Year 1 (Original), Module 08/8. Medorrhinum - Tony Hurley-summary.txt",,,,
161,Year 1 (Original), Module 08,9. Repertory and Case Work - Caroline Gaskin,"./summary/Year 1 (Original), Module 08/9. Repertory and Case Work - Caroline Gaskin-summary.txt",,,,
162,Year 1 (Original), Module 08,c37ce6c5-0a54-4451-bfeb-338918ef56ba,"./summary/Year 1 (Original), Module 08/c37ce6c5-0a54-4451-bfeb-338918ef56ba-summary.txt",,,,
163,Year 1 (Original), Module 09,1. Nitric Acid - Marcus Fernandez,"./summary/Year 1 (Original), Module 09/1. Nitric Acid - Marcus Fernandez-summary.txt",,,,
164,Year 1 (Original), Module 09,2. Syphilinium - Tony Hurley,"./summary/Year 1 (Original), Module 09/2. Syphilinium - Tony Hurley-summary.txt",,,,
165,Year 1 (Original), Module 09,3. A&P Musculoskeletal System - Sian Moss,"./summary/Year 1 (Original), Module 09/3. A&P Musculoskeletal System - Sian Moss-summary.txt",,,,
166,Year 1 (Original), Module 09,4. Case Work - Dion Tabrett,"./summary/Year 1 (Original), Module 09/4. Case Work - Dion Tabrett-summary.txt",,,,
167,Year 1 (Original), Module 09,5. Constantine Hering - Ralf Jeutter,"./summary/Year 1 (Original), Module 09/5. Constantine Hering - Ralf Jeutter-summary.txt",,,,
168,Year 1 (Original), Module 09,6. Constantine Hering - Ralf Jeutter,"./summary/Year 1 (Original), Module 09/6. Constantine Hering - Ralf Jeutter-summary.txt",,,,
169,Year 1 (Original), Module 09,7. Mercury - Robert Bridge,"./summary/Year 1 (Original), Module 09/7. Mercury - Robert Bridge-summary.txt",,,,
170,Year 1 (Original), Module 09,8. Vaccination - Magda Talylor,"./summary/Year 1 (Original), Module 09/8. Vaccination - Magda Talylor-summary.txt",,,,
171,Year 1 (Original), Module 09,9. Vaccination - Magda Taylor,"./summary/Year 1 (Original), Module 09/9. Vaccination - Magda Taylor-summary.txt",,,,
172,Year 1 (Original), Module 10,7. Bites and Stings,"./summary/Year 1 (Original), Module 10/7. Bites and Stings-summary.txt",,,,
173,Year 1 (Original), Module 11,1. Causation - Carol Boyce,"./summary/Year 1 (Original), Module 11/1. Causation - Carol Boyce-summary.txt",,,,
174,Year 1 (Original), Module 12,2. Saving a Lost Generation - Carol Boyce,"./summary/Year 1 (Original), Module 12/2. Saving a Lost Generation - Carol Boyce-summary.txt",,,,
175,Year 1 (Original), Module 13,3. Thuja - Colin Griffith,"./summary/Year 1 (Original), Module 13/3. Thuja - Colin Griffith-summary.txt",,,,
176,Year 1 (Original), Module 14,4. Tubercullinum - Mike Bridger,"./summary/Year 1 (Original), Module 14/4. Tubercullinum - Mike Bridger-summary.txt",,,,
177,Year 1 (Original), Module 15,5. Repertory Work - Mike Bridger,"./summary/Year 1 (Original), Module 15/5. Repertory Work - Mike Bridger-summary.txt",,,,
178,Year 1 (Original), Module 16,6. A_P Gastro Intestinal - Sian Moss,"./summary/Year 1 (Original), Module 16/6. A_P Gastro Intestinal - Sian Moss-summary.txt",,,,
179,Year 1 (Original), Module 17,8. The Tissue Salts - Tony Hurley,"./summary/Year 1 (Original), Module 17/8. The Tissue Salts - Tony Hurley-summary.txt",,,,
180,Year 1 (Original), Module 18,9. The Tissue Salts - Tony Hurley,"./summary/Year 1 (Original), Module 18/9. The Tissue Salts - Tony Hurley-summary.txt",,,,
181,Year 1 (Original), Module 19,10. Homeopathy -- The Evidence - Dion Tabrett,"./summary/Year 1 (Original), Module 19/10. Homeopathy -- The Evidence - Dion Tabrett-summary.txt",,,,
182,Year 2 , Module 01,01. Taking Case in Class - Mike Bridger,"./summary/Year 2 , Module 01/01. Taking Case in Class - Mike Bridger-summary.txt",,,,
183,Year 2 , Module 01,02. Taking Case in Class - Mike Bridger_1,"./summary/Year 2 , Module 01/02. Taking Case in Class - Mike Bridger_1-summary.txt",,,,
184,Year 2 , Module 01,03. Carcinosin - Tony Hurley,"./summary/Year 2 , Module 01/03. Carcinosin - Tony Hurley-summary.txt",,,,
185,Year 2 , Module 01,04. GI Pathologies - Sian Moss,"./summary/Year 2 , Module 01/04. GI Pathologies - Sian Moss-summary.txt",,,,
186,Year 2 , Module 01,05. Phosphoric Acid - Marcus Fernandez,"./summary/Year 2 , Module 01/05. Phosphoric Acid - Marcus Fernandez-summary.txt",,,,
187,Year 2 , Module 01,06. Miasm Review - Tony Hurley,"./summary/Year 2 , Module 01/06. Miasm Review - Tony Hurley-summary.txt",,,,
188,Year 2 , Module 01,07. Opium - Tony Hurley,"./summary/Year 2 , Module 01/07. Opium - Tony Hurley-summary.txt",,,,
189,Year 2 , Module 01,08. Kent_s 12 ...Remedy Reactions - Carol Boyce,"./summary/Year 2 , Module 01/08. Kent_s 12 ...Remedy Reactions - Carol Boyce-summary.txt",,,,
190,Year 2 , Module 01,09. Digestive Therapeutics - Mike Bridger,"./summary/Year 2 , Module 01/09. Digestive Therapeutics - Mike Bridger-summary.txt",,,,
191,Year 2 , Module 01,10. Miasmatic Prescribing - Mike Bridger,"./summary/Year 2 , Module 01/10. Miasmatic Prescribing - Mike Bridger-summary.txt",,,,
192,Year 2 , Module 02,01. Case Work _ Analysis - Dion Tabrett,"./summary/Year 2 , Module 02/01. Case Work _ Analysis - Dion Tabrett-summary.txt",,,,
193,Year 2 , Module 02,02. Treating Hay Fever - Tricia Allen,"./summary/Year 2 , Module 02/02. Treating Hay Fever - Tricia Allen-summary.txt",,,,
194,Year 2 , Module 02,03. Aurum Met - Robert Bridge,"./summary/Year 2 , Module 02/03. Aurum Met - Robert Bridge-summary.txt",,,,
195,Year 2 , Module 02,04. GI Pathology - Sian Moss_otter_ai,"./summary/Year 2 , Module 02/04. GI Pathology - Sian Moss_otter_ai-summary.txt",,,,
196,Year 2 , Module 02,05. GI Pathology - Sian Moss,"./summary/Year 2 , Module 02/05. GI Pathology - Sian Moss-summary.txt",,,,
197,Year 2 , Module 02,06. Cannabis Indica-Sativa - Tony Hurley_otter_ai,"./summary/Year 2 , Module 02/06. Cannabis Indica-Sativa - Tony Hurley_otter_ai-summary.txt",,,,
198,Year 2 , Module 02,07. Opium - Tony Hurley,"./summary/Year 2 , Module 02/07. Opium - Tony Hurley-summary.txt",,,,
199,Year 2 , Module 02,09. Anacardium - Hilery Dorrian_otter_ai,"./summary/Year 2 , Module 02/09. Anacardium - Hilery Dorrian_otter_ai-summary.txt",,,,
200,Year 2 , Module 02,10. Therapeutics- Burns - Hilery Dorrian_otter_ai,"./summary/Year 2 , Module 02/10. Therapeutics- Burns - Hilery Dorrian_otter_ai-summary.txt",,,,
201,Year 2 , Module 03,00. Marcus,"./summary/Year 2 , Module 03/00. Marcus-summary.txt",,,,
202,Year 2 , Module 03,01. Case work _ Analysis - Dion Tabrett_otter_ai,"./summary/Year 2 , Module 03/01. Case work _ Analysis - Dion Tabrett_otter_ai-summary.txt",,,,
203,Year 2 , Module 03,02. How to Lea... Materia Medica - Mike Bridger,"./summary/Year 2 , Module 03/02. How to Lea... Materia Medica - Mike Bridger-summary.txt",,,,
204,Year 2 , Module 03,03. Carbo Veg-Animalis - Tony Hurley,"./summary/Year 2 , Module 03/03. Carbo Veg-Animalis - Tony Hurley-summary.txt",,,,
205,Year 2 , Module 03,04. Liver and ...Biliary System A_P - Sian Moss,"./summary/Year 2 , Module 03/04. Liver and ...Biliary System A_P - Sian Moss-summary.txt",,,,
206,Year 2 , Module 03,05. The LM Pot...ow to Prescribe - Dion Tabrett,"./summary/Year 2 , Module 03/05. The LM Pot...ow to Prescribe - Dion Tabrett-summary.txt",,,,
207,Year 2 , Module 03,06. Vaccine Prescribing - Robert Bridge,"./summary/Year 2 , Module 03/06. Vaccine Prescribing - Robert Bridge-summary.txt",,,,
208,Year 2 , Module 03,07. Natrum Sulph-Carb - Hilery Dorian,"./summary/Year 2 , Module 03/07. Natrum Sulph-Carb - Hilery Dorian-summary.txt",,,,
209,Year 2 , Module 03,08. Homeopathy _ Skeptics - Carol Boyce,"./summary/Year 2 , Module 03/08. Homeopathy _ Skeptics - Carol Boyce-summary.txt",,,,
210,Year 2 , Module 03,09. Causticum - Mike Bridger,"./summary/Year 2 , Module 03/09. Causticum - Mike Bridger-summary.txt",,,,
211,Year 2 , Module 03,10. Case Work - Robert Bridge,"./summary/Year 2 , Module 03/10. Case Work - Robert Bridge-summary.txt",,,,
212,Year 2 , Module 04,02. Case Analysis - Dion Tabrett [2021-12-11 EDIT],"./summary/Year 2 , Module 04/02. Case Analysis - Dion Tabrett [2021-12-11 EDIT]-summary.txt",,,,
213,Year 2 , Module 04,03. Hyoscymus - Ralf Jeutter,"./summary/Year 2 , Module 04/03. Hyoscymus - Ralf Jeutter-summary.txt",,,,
214,Year 2 , Module 04,04. Hahnemann_...ent of Posology - Ralf Jeutter,"./summary/Year 2 , Module 04/04. Hahnemann_...ent of Posology - Ralf Jeutter-summary.txt",,,,
215,Year 2 , Module 04,05. Veratrum Album - Mike Bridger,"./summary/Year 2 , Module 04/05. Veratrum Album - Mike Bridger-summary.txt",,,,
216,Year 2 , Module 04,06. Miasmatic Prescribing - Robert Bridge,"./summary/Year 2 , Module 04/06. Miasmatic Prescribing - Robert Bridge-summary.txt",,,,
217,Year 2 , Module 04,07. Ear Therapeutics - Tricia Allen,"./summary/Year 2 , Module 04/07. Ear Therapeutics - Tricia Allen-summary.txt",,,,
218,Year 2 , Module 04,08. Case work- Ghana - Ralf Jeutter,"./summary/Year 2 , Module 04/08. Case work- Ghana - Ralf Jeutter-summary.txt",,,,
219,Year 2 , Module 04,09. Conium - Tony Hurley,"./summary/Year 2 , Module 04/09. Conium - Tony Hurley-summary.txt",,,,
220,Year 2 , Module 04,10. Remedy Review - Tony Hurley,"./summary/Year 2 , Module 04/10. Remedy Review - Tony Hurley-summary.txt",,,,
221,Year 2 , Module 05,01. Eizayaga Layers Method I - Dion Tabrett,"./summary/Year 2 , Module 05/01. Eizayaga Layers Method I - Dion Tabrett-summary.txt",,,,
222,Year 2 , Module 05,02. Eizayaga Layers Method I - Dion Tabrett,"./summary/Year 2 , Module 05/02. Eizayaga Layers Method I - Dion Tabrett-summary.txt",,,,
223,Year 2 , Module 05,03. Liver and Biliary System A&P - Sian Moss USE THIS ONE,"./summary/Year 2 , Module 05/03. Liver and Biliary System A&P - Sian Moss USE THIS ONE-summary.txt",,,,
224,Year 2 , Module 05,04. Liver Disease - Sian Moss,"./summary/Year 2 , Module 05/04. Liver Disease - Sian Moss-summary.txt",,,,
225,Year 2 , Module 05,06. Chelidonium-Carduus Marianus - Tony Hurley,"./summary/Year 2 , Module 05/06. Chelidonium-Carduus Marianus - Tony Hurley-summary.txt",,,,
226,Year 2 , Module 05,07. Migraines - Hilery Dorrian,"./summary/Year 2 , Module 05/07. Migraines - Hilery Dorrian-summary.txt",,,,
227,Year 2 , Module 05,08. Code of Ethics in Practice - Carol Boyce,"./summary/Year 2 , Module 05/08. Code of Ethics in Practice - Carol Boyce-summary.txt",,,,
228,Year 2 , Module 05,09. The Unprejudiced Observer - Carol Boyce,"./summary/Year 2 , Module 05/09. The Unprejudiced Observer - Carol Boyce-summary.txt",,,,
229,Year 2 , Module 06,01. Introduction to Remedy Mapping - Mike Bridger,"./summary/Year 2 , Module 06/01. Introduction to Remedy Mapping - Mike Bridger-summary.txt",,,,
230,Year 2 , Module 06,03. Eizayaga Layers Method II - Dion Tabrett,"./summary/Year 2 , Module 06/03. Eizayaga Layers Method II - Dion Tabrett-summary.txt",,,,
231,Year 2 , Module 06,04. Eizayaga Layers Method II - Dion Tabrett,"./summary/Year 2 , Module 06/04. Eizayaga Layers Method II - Dion Tabrett-summary.txt",,,,
232,Year 2 , Module 06,05. Emotional Case Analysis - Robert Bridge,"./summary/Year 2 , Module 06/05. Emotional Case Analysis - Robert Bridge-summary.txt",,,,
233,Year 2 , Module 06,06. Kali Carb - Mike Bridger,"./summary/Year 2 , Module 06/06. Kali Carb - Mike Bridger-summary.txt",,,,
234,Year 2 , Module 06,07. Remedy Exan Review - Mike Bridger,"./summary/Year 2 , Module 06/07. Remedy Exan Review - Mike Bridger-summary.txt",,,,
235,Year 2 , Module 06,08. Hering's Law ... Myth- - Ralf Jeutter,"./summary/Year 2 , Module 06/08. Hering's Law ... Myth- - Ralf Jeutter-summary.txt",,,,
236,Year 2 , Module 06,09. Menstrual Disorders - Hilery Dorrian,"./summary/Year 2 , Module 06/09. Menstrual Disorders - Hilery Dorrian-summary.txt",,,,
237,Year 2 , Module 06,10. Menstrual Disorders - Hilery Dorrian,"./summary/Year 2 , Module 06/10. Menstrual Disorders - Hilery Dorrian-summary.txt",,,,
238,Year 2 , Module 07,00. Female_Reproductive_System_-_Sian_Moss DO NOT USE,"./summary/Year 2 , Module 07/00. Female_Reproductive_System_-_Sian_Moss DO NOT USE-summary.txt",,,,
239,Year 2 , Module 07,01. Female Specific Pathologies - Sian Moss,"./summary/Year 2 , Module 07/01. Female Specific Pathologies - Sian Moss-summary.txt",,,,
240,Year 2 , Module 07,02. Female Specific Pathologies - Sian Moss,"./summary/Year 2 , Module 07/02. Female Specific Pathologies - Sian Moss-summary.txt",,,,
241,Year 2 , Module 07,03. Folliculinum - Hilery Dorrian,"./summary/Year 2 , Module 07/03. Folliculinum - Hilery Dorrian-summary.txt",,,,
242,Year 2 , Module 07,04. Cimicifuga Hilery Dorrian,"./summary/Year 2 , Module 07/04. Cimicifuga Hilery Dorrian-summary.txt",,,,
243,Year 2 , Module 07,05. Eizayaga Layers Method III Part 1 - Dion Tabrett,"./summary/Year 2 , Module 07/05. Eizayaga Layers Method III Part 1 - Dion Tabrett-summary.txt",,,,
244,Year 2 , Module 07,06. Eizayaga Layers Method III Part 2 - Dion Tabrett,"./summary/Year 2 , Module 07/06. Eizayaga Layers Method III Part 2 - Dion Tabrett-summary.txt",,,,
245,Year 2 , Module 07,07. Female Case Work - Ralf Jeutter,"./summary/Year 2 , Module 07/07. Female Case Work - Ralf Jeutter-summary.txt",,,,
246,Year 2 , Module 07,08. Kent's Lectures - Ralf Jeutter,"./summary/Year 2 , Module 07/08. Kent's Lectures - Ralf Jeutter-summary.txt",,,,
247,Year 2 , Module 07,Hormones and control of the menstrual cycle - Sian Moss,"./summary/Year 2 , Module 07/Hormones and control of the menstrual cycle - Sian Moss-summary.txt",,,,
248,Year 2 , Module 08,01. Saccharum - Tony Hurley,"./summary/Year 2 , Module 08/01. Saccharum - Tony Hurley-summary.txt",,,,
249,Year 2 , Module 08,02. Repertory Work - Mike Bridger,"./summary/Year 2 , Module 08/02. Repertory Work - Mike Bridger-summary.txt",,,,
250,Year 2 , Module 08,03. Trauma - Colin Griffith_,"./summary/Year 2 , Module 08/03. Trauma - Colin Griffith_-summary.txt",,,,
251,Year 2 , Module 08,04. Male A&P - Sian Moss,"./summary/Year 2 , Module 08/04. Male A&P - Sian Moss-summary.txt",,,,
252,Year 2 , Module 08,05. Male Pathologies - Sian Moss,"./summary/Year 2 , Module 08/05. Male Pathologies - Sian Moss-summary.txt",,,, Epigenetics and Susceptibility - Sian Moss-summary.txt
253,Year 2 , Module 08,06. Pregnancy - Caroline Gaskin,"./summary/Year 2 , Module 08/06. Pregnancy - Caroline Gaskin-summary.txt",,,,
254,Year 2 , Module 08,07. Pregnancy - Caroline Gaskin,"./summary/Year 2 , Module 08/07. Pregnancy - Caroline Gaskin-summary.txt",,,,
255,Year 2 , Module 08,08. Case Work - Robert Bridge,"./summary/Year 2 , Module 08/08. Case Work - Robert Bridge-summary.txt",,,,
256,Year 2 , Module 08,09. Children's Case Taking - Tricia Allen,"./summary/Year 2 , Module 08/09. Children's Case Taking - Tricia Allen-summary.txt",,,,
257,Year 2 , Module 08,10. Children's Case Taking - Tricia Allen,"./summary/Year 2 , Module 08/10. Children's Case Taking - Tricia Allen-summary.txt",,,,
258,Year 2 , Module 09,01. Obstetrics - Maggie Dixon,"./summary/Year 2 , Module 09/01. Obstetrics - Maggie Dixon-summary.txt",,,,
259,Year 2 , Module 09,02. Obstetrics - Maggie Dixon,"./summary/Year 2 , Module 09/02. Obstetrics - Maggie Dixon-summary.txt",,,,
260,Year 2 , Module 09,03. Layers Approach vs Classical Approach - Dion Tabrett,"./summary/Year 2 , Module 09/03. Layers Approach vs Classical Approach - Dion Tabrett-summary.txt",,,,
261,Year 2 , Module 09,04. The Milks - Tony Hurley,"./summary/Year 2 , Module 09/04. The Milks - Tony Hurley-summary.txt",,,,
262,Year 2 , Module 09,05. The Milks - Tony Hurley,"./summary/Year 2 , Module 09/05. The Milks - Tony Hurley-summary.txt",,,,
263,Year 2 , Module 09,06. Cocculus - Tony Hurley,"./summary/Year 2 , Module 09/06. Cocculus - Tony Hurley-summary.txt",,,,
264,Year 2 , Module 09,07. Kali Bich & Ipecac - Tony Hurley,"./summary/Year 2 , Module 09/07. Kali Bich & Ipecac - Tony Hurley-summary.txt",,,,
265,Year 2 , Module 09,08. Taking a Case in Class - Hilery Dorrian,"./summary/Year 2 , Module 09/08. Taking a Case in Class - Hilery Dorrian-summary.txt",,,,
266,Year 2 , Module 09,09. A&P Review - Sian Moss,"./summary/Year 2 , Module 09/09. A&P Review - Sian Moss-summary.txt",,,,
267,Year 2 , Module 09,10. Infertility & Conventional Treatment - Sian Moss,"./summary/Year 2 , Module 09/10. Infertility & Conventional Treatment - Sian Moss-summary.txt",,,,
268,Year 2 , Module 10,01. China Officinalis - Tony Hurley,"./summary/Year 2 , Module 10/01. China Officinalis - Tony Hurley-summary.txt",,,,
269,Year 2 , Module 10,02. Remedy Mapping II - Mike Bridger,"./summary/Year 2 , Module 10/02. Remedy Mapping II - Mike Bridger-summary.txt",,,,
270,Year 2 , Module 10,03. Coffea Cruda & Related Remedies - Mike Bridger,"./summary/Year 2 , Module 10/03. Coffea Cruda & Related Remedies - Mike Bridger-summary.txt",,,,
271,Year 2 , Module 10,04. Symptoms as Metaphors - Colin Griffith,"./summary/Year 2 , Module 10/04. Symptoms as Metaphors - Colin Griffith-summary.txt",,,,
272,Year 2 , Module 10,05. Birth Trauma - Colin Griffith,"./summary/Year 2 , Module 10/05. Birth Trauma - Colin Griffith-summary.txt",,,,
273,Year 2 , Module 10,06. Homeopathy - Marcus Fernandez,"./summary/Year 2 , Module 10/06. Homeopathy - Marcus Fernandez-summary.txt",,,,
274,Year 2 , Module 10,07. Research - Sian Moss,"./summary/Year 2 , Module 10/07. Research - Sian Moss-summary.txt",,,,
275,Year 2 , Module 10,08. James Compton Burnett - Dion Tabrett,"./summary/Year 2 , Module 10/08. James Compton Burnett - Dion Tabrett-summary.txt",,,,
276,Year 2 , Module 10,09. Childhood Diseases - Ralf Jeutter,"./summary/Year 2 , Module 10/09. Childhood Diseases - Ralf Jeutter-summary.txt",,,,
277,Year 2 , Module 10,10. Childhood Diseases - Ralf Jeutter,"./summary/Year 2 , Module 10/10. Childhood Diseases - Ralf Jeutter-summary.txt",,,,
278,Year 3 , Module 01,01. Renal A&P & Pathology Part 1 - Sian Moss,"./summary/Year 3 , Module 01/01. Renal A&P & Pathology Part 1 - Sian Moss-summary.txt",,,,
279,Year 3 , Module 01,02. Renal A&P & Pathology Part 2 - Sian Moss,"./summary/Year 3 , Module 01/02. Renal A&P & Pathology Part 2 - Sian Moss-summary.txt",,,,
280,Year 3 , Module 01,03. Tarentula Hispanica - Marcus Fernandez,"./summary/Year 3 , Module 01/03. Tarentula Hispanica - Marcus Fernandez-summary.txt",,,,
281,Year 3 , Module 01,04. Introduction to Case Mapping - Mike Bridger,"./summary/Year 3 , Module 01/04. Introduction to Case Mapping - Mike Bridger-summary.txt",,,,
282,Year 3 , Module 01,05.Kidney Therapeuitics - Mike Bridger,"./summary/Year 3 , Module 01/05.Kidney Therapeuitics - Mike Bridger-summary.txt",,,,
283,Year 3 , Module 01,06. Case & Remedy Mapping Part 1 - Mike Bridger,"./summary/Year 3 , Module 01/06. Case & Remedy Mapping Part 1 - Mike Bridger-summary.txt",,,,
284,Year 3 , Module 01,07. Case Remedy & Mapping Part 2 - Mike Bridger,"./summary/Year 3 , Module 01/07. Case Remedy & Mapping Part 2 - Mike Bridger-summary.txt",,,,
285,Year 3 , Module 01,08. The Spiders I -  Tony Hurley,"./summary/Year 3 , Module 01/08. The Spiders I -  Tony Hurley-summary.txt",,,,
286,Year 3 , Module 01,09. Supervision - Susi Deller,"./summary/Year 3 , Module 01/09. Supervision - Susi Deller-summary.txt",,,,
287,Year 3 , Module 01,10. Case Analysis - Writing up a Case - Susi Deller,"./summary/Year 3 , Module 01/10. Case Analysis - Writing up a Case - Susi Deller-summary.txt",,,,
288,Year 3 , Module 02,01. Reviewing Acutes - Tricia Allen,"./summary/Year 3 , Module 02/01. Reviewing Acutes - Tricia Allen-summary.txt",,,,
289,Year 3 , Module 02,02. Research (Part 1) - Sian Moss,"./summary/Year 3 , Module 02/02. Research (Part 1) - Sian Moss-summary.txt",,,,
290,Year 3 , Module 02,03. Research - Sian Moss (Part 2),"./summary/Year 3 , Module 02/03. Research - Sian Moss (Part 2)-summary.txt",,,,
291,Year 3 , Module 02,04. Organ Support - Dion Tabrett,"./summary/Year 3 , Module 02/04. Organ Support - Dion Tabrett-summary.txt",,,,
292,Year 3 , Module 02,05. Organ Support - Dion Tabrett (Part 2),"./summary/Year 3 , Module 02/05. Organ Support - Dion Tabrett (Part 2)-summary.txt",,,,
293,Year 3 , Module 02,06. Delayed Development - Hilery Dorrian,"./summary/Year 3 , Module 02/06. Delayed Development - Hilery Dorrian-summary.txt",,,,
294,Year 3 , Module 02,07. Delayed Development - Hilery Dorrian (Part 2),"./summary/Year 3 , Module 02/07. Delayed Development - Hilery Dorrian (Part 2)-summary.txt",,,,
295,Year 3 , Module 02,08. Drug Management - Robert Bridge,"./summary/Year 3 , Module 02/08. Drug Management - Robert Bridge-summary.txt",,,,
296,Year 3 , Module 02,09. Research - Sian Moss (Part 3),"./summary/Year 3 , Module 02/09. Research - Sian Moss (Part 3)-summary.txt",,,,
297,Year 3 , Module 02,10. Drug Management - Robert Bridge (Part 2),"./summary/Year 3 , Module 02/10. Drug Management - Robert Bridge (Part 2)-summary.txt",,,,
298,Year 3 , Module 03,01. Thymus Gland & Syphilinum - Colin Griffiths_1,"./summary/Year 3 , Module 03/01. Thymus Gland & Syphilinum - Colin Griffiths_1-summary.txt",,,,
299,Year 3 , Module 03,02. Thymus Gland & Syphilinum - Colin Griffiths (Part 2),"./summary/Year 3 , Module 03/02. Thymus Gland & Syphilinum - Colin Griffiths (Part 2)-summary.txt",,,,
300,Year 3 , Module 03,03. Organ Support II - Dion Tabrett,"./summary/Year 3 , Module 03/03. Organ Support II - Dion Tabrett-summary.txt",,,,
301,Year 3 , Module 03,04. Delayed Development II - Hilery Dorrian,"./summary/Year 3 , Module 03/04. Delayed Development II - Hilery Dorrian-summary.txt",,,,
302,Year 3 , Module 03,05. Organ Support II - Dion Tabrett (Part 2),"./summary/Year 3 , Module 03/05. Organ Support II - Dion Tabrett (Part 2)-summary.txt",,,,
303,Year 3 , Module 03,06. The Nervous System - Sian Moss-,"./summary/Year 3 , Module 03/06. The Nervous System - Sian Moss--summary.txt",,,,
304,Year 3 , Module 03,07. The Metals - Tony Hurley (Part 2),"./summary/Year 3 , Module 03/07. The Metals - Tony Hurley (Part 2)-summary.txt",,,,
305,Year 3 , Module 03,07. The Nervous System - Sian Moss (Part 2),"./summary/Year 3 , Module 03/07. The Nervous System - Sian Moss (Part 2)-summary.txt",,,,
306,Year 3 , Module 03,08. The Spiders II - Tony Hurley.mp4,"./summary/Year 3 , Module 03/08. The Spiders II - Tony Hurley.mp4-summary.txt",,,,
307,Year 3 , Module 03,09. -Keep Calm and Carry On- - Carol Boyce,"./summary/Year 3 , Module 03/09. -Keep Calm and Carry On- - Carol Boyce-summary.txt",,,,
308,Year 3 , Module 03,10. Case Work - Ralf Jeutter,"./summary/Year 3 , Module 03/10. Case Work - Ralf Jeutter-summary.txt",,,,
309,Year 3 , Module 04,01. Pathways of the Nervous System - Sian Moss,"./summary/Year 3 , Module 04/01. Pathways of the Nervous System - Sian Moss-summary.txt",,,,
310,Year 3 , Module 04,02. Exploring Pathologies in Detail - Sian Moss,"./summary/Year 3 , Module 04/02. Exploring Pathologies in Detail - Sian Moss-summary.txt",,,,
311,Year 3 , Module 04,03. Organ Support III - Dion Tabrett,"./summary/Year 3 , Module 04/03. Organ Support III - Dion Tabrett-summary.txt",,,,
312,Year 3 , Module 04,04. Practitioner Development - Maggie Dixon,"./summary/Year 3 , Module 04/04. Practitioner Development - Maggie Dixon-summary.txt",,,,
313,Year 3 , Module 04,05. Practitioner Development - Maggie Dixon (Part 2),"./summary/Year 3 , Module 04/05. Practitioner Development - Maggie Dixon (Part 2)-summary.txt",,,,
314,Year 3 , Module 04,06. The Metals - Tony Hurley,"./summary/Year 3 , Module 04/06. The Metals - Tony Hurley-summary.txt",,,,
315,Year 3 , Module 04,08. Case Work - Robert Bridge,"./summary/Year 3 , Module 04/08. Case Work - Robert Bridge-summary.txt",,,,
316,Year 3 , Module 04,09. Delayed Development - Hilery Dorrian,"./summary/Year 3 , Module 04/09. Delayed Development - Hilery Dorrian-summary.txt",,,,
317,Year 3 , Module 04,10. Delayed Development - Hilery Dorrian (Part 2),"./summary/Year 3 , Module 04/10. Delayed Development - Hilery Dorrian (Part 2)-summary.txt",,,,
318,Year 3 , Module 05,01. Epidemics and Classfication of Disease - Ralf Jeutter,"./summary/Year 3 , Module 05/01. Epidemics and Classfication of Disease - Ralf Jeutter-summary.txt",,,,
319,Year 3 , Module 05,02. Epidemics and Classfication of Disease - Ralf Jeutter (Part 2),"./summary/Year 3 , Module 05/02. Epidemics and Classfication of Disease - Ralf Jeutter (Part 2)-summary.txt",,,,
320,Year 3 , Module 05,03. Remedy Mapping III - Mike Bridger-008,"./summary/Year 3 , Module 05/03. Remedy Mapping III - Mike Bridger-008-summary.txt",,,,
321,Year 3 , Module 05,04. The Kali_s - Mike Bridger,"./summary/Year 3 , Module 05/04. The Kali_s - Mike Bridger-summary.txt",,,,
322,Year 3 , Module 05,05. Nervous System Pathology - Sian Moss-009,"./summary/Year 3 , Module 05/05. Nervous System Pathology - Sian Moss-009-summary.txt",,,,
323,Year 3 , Module 05,06. Teenagers - Hilery Dorrian (2),"./summary/Year 3 , Module 05/06. Teenagers - Hilery Dorrian (2)-summary.txt",,,,
324,Year 3 , Module 05,07. Teenagers - Hilery Dorrian (Part 2),"./summary/Year 3 , Module 05/07. Teenagers - Hilery Dorrian (Part 2)-summary.txt",,,,
325,Year 3 , Module 05,08. Tautopathy - Robert Bridge,"./summary/Year 3 , Module 05/08. Tautopathy - Robert Bridge-summary.txt",,,,
326,Year 3 , Module 05,09. The Metals - Tony Hurley-010,"./summary/Year 3 , Module 05/09. The Metals - Tony Hurley-010-summary.txt",,,,
327,Year 3 , Module 05,10. The Metals - Tony Hurley (Part 2)-007,"./summary/Year 3 , Module 05/10. The Metals - Tony Hurley (Part 2)-007-summary.txt",,,,
328,Year 3 , Module 06,Men through Middle Age Jenny Watson,"./summary/Year 3 , Module 06/Men through Middle Age Jenny Watson-summary.txt",,,,
329,Year 3 , Module 06,Nervous System Pathologies II Sian Moss,"./summary/Year 3 , Module 06/Nervous System Pathologies II Sian Moss-summary.txt",,,,
330,Year 3 , Module 06,Neurodegenerative Diseases Pt 1 Dion Tabrett,"./summary/Year 3 , Module 06/Neurodegenerative Diseases Pt 1 Dion Tabrett-summary.txt",,,,
331,Year 3 , Module 06,Neurodegenerative Diseases Pt 2 Dion Tabrett,"./summary/Year 3 , Module 06/Neurodegenerative Diseases Pt 2 Dion Tabrett-summary.txt",,,,
332,Year 3 , Module 06,Respiratory A&P Sian Moss,"./summary/Year 3 , Module 06/Respiratory A&P Sian Moss-summary.txt",,,,
333,Year 3 , Module 06,The Acids Pt 1 Tony Hurley,"./summary/Year 3 , Module 06/The Acids Pt 1 Tony Hurley-summary.txt",,,,
334,Year 3 , Module 06,The Acids Pt 2 Tony Hurley,"./summary/Year 3 , Module 06/The Acids Pt 2 Tony Hurley-summary.txt",,,,
335,Year 3 , Module 06,The development of a Remedy Ralf Jeutter,"./summary/Year 3 , Module 06/The development of a Remedy Ralf Jeutter-summary.txt",,,,
336,Year 3 , Module 06,The Magnesiums Tony Hurley,"./summary/Year 3 , Module 06/The Magnesiums Tony Hurley-summary.txt",,,,
337,Year 3 , Module 07,03 video case pt 2,"./summary/Year 3 , Module 07/03 video case pt 2-summary.txt",,,,
338,Year 3 , Module 07,Bacilium & related remedies,"./summary/Year 3 , Module 07/Bacilium & related remedies-summary.txt",,,,
339,Year 3 , Module 07,Diabetes part 1,"./summary/Year 3 , Module 07/Diabetes part 1-summary.txt",,,,
340,Year 3 , Module 07,Diabetes part 2,"./summary/Year 3 , Module 07/Diabetes part 2-summary.txt",,,,
341,Year 3 , Module 07,Nutrition Part 1,"./summary/Year 3 , Module 07/Nutrition Part 1-summary.txt",,,,
342,Year 3 , Module 07,Nutrition Part 2,"./summary/Year 3 , Module 07/Nutrition Part 2-summary.txt",,,,
343,Year 3 , Module 07,Research Design Workshop,"./summary/Year 3 , Module 07/Research Design Workshop-summary.txt",,,,
344,Year 3 , Module 07,Research methods,"./summary/Year 3 , Module 07/Research methods-summary.txt",,,,
345,Year 3 , Module 07,Video case,"./summary/Year 3 , Module 07/Video case-summary.txt",,,,
346,Year 3 , Module 08,01. Miasms & Depth of Action (Part 1) - Mike Bridger,"./summary/Year 3 , Module 08/01. Miasms & Depth of Action (Part 1) - Mike Bridger-summary.txt",,,,
347,Year 3 , Module 08,02. Miasms & Depth of Action (Part 2) - Mike Bridger,"./summary/Year 3 , Module 08/02. Miasms & Depth of Action (Part 2) - Mike Bridger-summary.txt",,,,
348,Year 3 , Module 08,03. Children's Remedies - Tricia Allen_1,"./summary/Year 3 , Module 08/03. Children's Remedies - Tricia Allen_1-summary.txt",,,,
349,Year 3 , Module 08,04. The Snakes (Part 1) - Tony Hurley,"./summary/Year 3 , Module 08/04. The Snakes (Part 1) - Tony Hurley-summary.txt",,,,
350,Year 3 , Module 08,05. The Snakes (Part 2) - Tony Hurley_1,"./summary/Year 3 , Module 08/05. The Snakes (Part 2) - Tony Hurley_1-summary.txt",,,,
351,Year 3 , Module 08,06. Childhood Development (Part 1) - Maggie Dixon,"./summary/Year 3 , Module 08/06. Childhood Development (Part 1) - Maggie Dixon-summary.txt",,,,
352,Year 3 , Module 08,07. Childhood Development (Part 2) - Maggie Dixon_1,"./summary/Year 3 , Module 08/07. Childhood Development (Part 2) - Maggie Dixon_1-summary.txt",,,,
353,Year 3 , Module 08,08. Rapid Dose & Sequence Prescribing - Caroline Gaskin_1,"./summary/Year 3 , Module 08/08. Rapid Dose & Sequence Prescribing - Caroline Gaskin_1-summary.txt",,,,
354,Year 3 , Module 08,09. Genus Epidemicus (Part 1) - Ralf Jeutter,"./summary/Year 3 , Module 08/09. Genus Epidemicus (Part 1) - Ralf Jeutter-summary.txt",,,,
355,Year 3 , Module 08,10. Genus Epidemicus (Part 2) - Ralf Jeutter,"./summary/Year 3 , Module 08/10. Genus Epidemicus (Part 2) - Ralf Jeutter-summary.txt",,,,
356,Year 3 , Module 09,01. Case Work - Dion Tabrett_1,"./summary/Year 3 , Module 09/01. Case Work - Dion Tabrett_1-summary.txt",,,,
357,Year 3 , Module 09,02. When Remedies Don't Work - Dion Tabrett_1,"./summary/Year 3 , Module 09/02. When Remedies Don't Work - Dion Tabrett_1-summary.txt",,,,
358,Year 3 , Module 09,03. Apis Mel - Maggie Dixon_1,"./summary/Year 3 , Module 09/03. Apis Mel - Maggie Dixon_1-summary.txt",,,,
359,Year 3 , Module 09,04. The Pineal Gland - Colin Griffith_1,"./summary/Year 3 , Module 09/04. The Pineal Gland - Colin Griffith_1-summary.txt",,,,
360,Year 3 , Module 09,05. Ancestral Trauma - Colin Griffith_1,"./summary/Year 3 , Module 09/05. Ancestral Trauma - Colin Griffith_1-summary.txt",,,,
361,Year 3 , Module 09,06. Miasms and Depth of Action II - Mike Bridger (Part 1)_1,"./summary/Year 3 , Module 09/06. Miasms and Depth of Action II - Mike Bridger (Part 1)_1-summary.txt",,,,
362,Year 3 , Module 09,07. Miasms and Depth of Action II - Mike Bridger (Part 2)_1,"./summary/Year 3 , Module 09/07. Miasms and Depth of Action II - Mike Bridger (Part 2)_1-summary.txt",,,,
363,Year 3 , Module 09,08. Graphites - Ralf Jeutter_1,"./summary/Year 3 , Module 09/08. Graphites - Ralf Jeutter_1-summary.txt",,,,
364,Year 3 , Module 09,09. Endocrine System - Sian Moss (Part 1),"./summary/Year 3 , Module 09/09. Endocrine System - Sian Moss (Part 1)-summary.txt",,,,
365,Year 3 , Module 09,10. Endocrine System - Sian Moss (Part 2)_1,"./summary/Year 3 , Module 09/10. Endocrine System - Sian Moss (Part 2)_1-summary.txt",,,,
366,Year 3 , Module 10,01. Homeoprophylaxis - Dion Tabrett,"./summary/Year 3 , Module 10/01. Homeoprophylaxis - Dion Tabrett-summary.txt",,,,
367,Year 3 , Module 10,02. Iodum and Iodatums - Tony Hurley,"./summary/Year 3 , Module 10/02. Iodum and Iodatums - Tony Hurley-summary.txt",,,,
368,Year 3 , Module 10,03. Spongia and Related Remedies - Tony Hurley,"./summary/Year 3 , Module 10/03. Spongia and Related Remedies - Tony Hurley-summary.txt",,,,
369,Year 3 , Module 10,04. Endocrine System Pathologies - Sian Moss,"./summary/Year 3 , Module 10/04. Endocrine System Pathologies - Sian Moss-summary.txt",,,,
370,Year 3 , Module 10,05. Genetics,"./summary/Year 3 , Module 10/05. Genetics, Epigenetics and Susceptibility - Sian Moss-summary.txt",,,,
371,Year 3 , Module 10,06. Case Work - Robert Bridge,"./summary/Year 3 , Module 10/06. Case Work - Robert Bridge-summary.txt",,,,
372,Year 3 , Module 10,07. Plutonium and Rad Brom - Robert Bridge,"./summary/Year 3 , Module 10/07. Plutonium and Rad Brom - Robert Bridge-summary.txt",,,,
373,Year 3 , Module 10,08. Chinese Medical Diagnosis - Hilery Dorrian,"./summary/Year 3 , Module 10/08. Chinese Medical Diagnosis - Hilery Dorrian-summary.txt",,,,
374,Year 3 , Module 10,09. Red Flags - Ralf Jeutter,"./summary/Year 3 , Module 10/09. Red Flags - Ralf Jeutter-summary.txt",,,,
375,Year 3 , Module 10,10. Skeptics Discussion - Ralf Jeutter,"./summary/Year 3 , Module 10/10. Skeptics Discussion - Ralf Jeutter-summary.txt",,,,
376,Year 4 , Module 01,.DS_Store,"./summary/Year 4 , Module 01/.DS_Store",,,,
377,Year 4 , Module 01,01. Graduation Cases (Part 1) - Susi Deller,"./summary/Year 4 , Module 01/01. Graduation Cases (Part 1) - Susi Deller-summary.txt",,,,
378,Year 4 , Module 01,02. Graduation Cases (Part 2) - Susi Deller,"./summary/Year 4 , Module 01/02. Graduation Cases (Part 2) - Susi Deller-summary.txt",,,,
379,Year 4 , Module 01,03. Practice Building - Marcus Fernandez,"./summary/Year 4 , Module 01/03. Practice Building - Marcus Fernandez-summary.txt",,,,
380,Year 4 , Module 01,04. Endocrine System Pathologies (Part 1) - Sian Moss,"./summary/Year 4 , Module 01/04. Endocrine System Pathologies (Part 1) - Sian Moss-summary.txt",,,,
381,Year 4 , Module 01,05. Endocrine System Pathologies (Part 2) - Sian Moss,"./summary/Year 4 , Module 01/05. Endocrine System Pathologies (Part 2) - Sian Moss-summary.txt",,,,
382,Year 4 , Module 01,06. Therapeutics - Ralf Jeutter,"./summary/Year 4 , Module 01/06. Therapeutics - Ralf Jeutter-summary.txt",,,,
383,Year 4 , Module 01,07. Relating Philosophy to Casework - Ralf Jeutter,"./summary/Year 4 , Module 01/07. Relating Philosophy to Casework - Ralf Jeutter-summary.txt",,,,
384,Year 4 , Module 01,08. Scorpion - Tony Hurley,"./summary/Year 4 , Module 01/08. Scorpion - Tony Hurley-summary.txt",,,,
385,Year 4 , Module 01,09. Boundaries in Practice - Carol Boyce,"./summary/Year 4 , Module 01/09. Boundaries in Practice - Carol Boyce-summary.txt",,,,
386,Year 4 , Module 01,10. Nurture and Care - Carol Boyce,"./summary/Year 4 , Module 01/10. Nurture and Care - Carol Boyce-summary.txt",,,,
387,Year 4 , Module 02,01. Addiction - Tony Hurley,"./summary/Year 4 , Module 02/01. Addiction - Tony Hurley-summary.txt",,,,
388,Year 4 , Module 02,02. New Materia Medica (Part 1) - Colin Griffith,"./summary/Year 4 , Module 02/02. New Materia Medica (Part 1) - Colin Griffith-summary.txt",,,,
389,Year 4 , Module 02,03. New Materia Medica (Part 2) - Colin Griffith,"./summary/Year 4 , Module 02/03. New Materia Medica (Part 2) - Colin Griffith-summary.txt",,,,
390,Year 4 , Module 02,04. Bowel Nosodes (Part 1) - Hilery Dorrian,"./summary/Year 4 , Module 02/04. Bowel Nosodes (Part 1) - Hilery Dorrian-summary.txt",,,,
391,Year 4 , Module 02,04. Rheumatology (Part 1) - Ralf Jeutter,"./summary/Year 4 , Module 02/04. Rheumatology (Part 1) - Ralf Jeutter-summary.txt",,,,
392,Year 4 , Module 02,05. Bowel Nosodes (Part 2) - Hilery Dorrian-,"./summary/Year 4 , Module 02/05. Bowel Nosodes (Part 2) - Hilery Dorrian--summary.txt",,,,
393,Year 4 , Module 02,05. Rheumatology (Part 2) - Ralf Jeutter-,"./summary/Year 4 , Module 02/05. Rheumatology (Part 2) - Ralf Jeutter--summary.txt",,,,
394,Year 4 , Module 02,06. Rheumatology II - Ralf Jeutter,"./summary/Year 4 , Module 02/06. Rheumatology II - Ralf Jeutter-summary.txt",,,,
395,Year 4 , Module 02,07. Musculoskeletal Pathologies (Part 1) - Sian Moss,"./summary/Year 4 , Module 02/07. Musculoskeletal Pathologies (Part 1) - Sian Moss-summary.txt",,,,
396,Year 4 , Module 02,08. Musculoskeletal Pathologies (Part 2) - Sian Moss-,"./summary/Year 4 , Module 02/08. Musculoskeletal Pathologies (Part 2) - Sian Moss--summary.txt",,,,
397,Year 4 , Module 03,01. Adrenal Health (Part 1) - Taryn Jacobs,"./summary/Year 4 , Module 03/01. Adrenal Health (Part 1) - Taryn Jacobs-summary.txt",,,,
398,Year 4 , Module 03,02. Adrenal Health (Part 2) - Taryn Jacobs-,"./summary/Year 4 , Module 03/02. Adrenal Health (Part 2) - Taryn Jacobs--summary.txt",,,,
399,Year 4 , Module 03,03. Heart Therapeutics - Dion Tabrett,"./summary/Year 4 , Module 03/03. Heart Therapeutics - Dion Tabrett-summary.txt",,,,
400,Year 4 , Module 03,04. Cardiovascular Pathologies (Part 1) - Sian Moss,"./summary/Year 4 , Module 03/04. Cardiovascular Pathologies (Part 1) - Sian Moss-summary.txt",,,,
401,Year 4 , Module 03,05. Cardiovascular Pathologies (Part 2) - Sian Moss,"./summary/Year 4 , Module 03/05. Cardiovascular Pathologies (Part 2) - Sian Moss-summary.txt",,,,
402,Year 4 , Module 03,06. Bowel Nosodes II (Part 1) - Hilery Dorrian-,"./summary/Year 4 , Module 03/06. Bowel Nosodes II (Part 1) - Hilery Dorrian--summary.txt",,,,
403,Year 4 , Module 03,07. Bowel Nosodes II (Part 2) - Hilery Dorrian,"./summary/Year 4 , Module 03/07. Bowel Nosodes II (Part 2) - Hilery Dorrian-summary.txt",,,,
404,Year 4 , Module 03,08. Case Work - Ralf Jeutter,"./summary/Year 4 , Module 03/08. Case Work - Ralf Jeutter-summary.txt",,,,
405,Year 4 , Module 03,09. Nurture & Care (Part 2) - Carol Boyce,"./summary/Year 4 , Module 03/09. Nurture & Care (Part 2) - Carol Boyce-summary.txt",,,,
406,Year 4 , Module 03,10. The Unprejudiced Observer - Carol Boyce,"./summary/Year 4 , Module 03/10. The Unprejudiced Observer - Carol Boyce-summary.txt",,,,
407,Year 4 , Module 04,01. Case Management - Maggie Dixon,"./summary/Year 4 , Module 04/01. Case Management - Maggie Dixon-summary.txt",,,,
408,Year 4 , Module 04,02. Case Work - Tricia Allen,"./summary/Year 4 , Module 04/02. Case Work - Tricia Allen-summary.txt",,,,
409,Year 4 , Module 04,03. Immune System (Part 1) - Sian Moss,"./summary/Year 4 , Module 04/03. Immune System (Part 1) - Sian Moss-summary.txt",,,,
410,Year 4 , Module 04,04. Immune System (Part 2) - Sian Moss-,"./summary/Year 4 , Module 04/04. Immune System (Part 2) - Sian Moss--summary.txt",,,,
411,Year 4 , Module 04,05. Teenagers II (Part 1) - Hilery Dorrian,"./summary/Year 4 , Module 04/05. Teenagers II (Part 1) - Hilery Dorrian-summary.txt",,,,
412,Year 4 , Module 04,06. Teenagers II (Part 2) - Hilery Dorrian,"./summary/Year 4 , Module 04/06. Teenagers II (Part 2) - Hilery Dorrian-summary.txt",,,,
413,Year 4 , Module 04,07. The Imponderables - Tony Hurley,"./summary/Year 4 , Module 04/07. The Imponderables - Tony Hurley-summary.txt",,,,
414,Year 4 , Module 04,08. Observable Signs & Symptoms (Part 1) - Robert Bridge,"./summary/Year 4 , Module 04/08. Observable Signs & Symptoms (Part 1) - Robert Bridge-summary.txt",,,,
415,Year 4 , Module 04,09. Observable Signs & Symptoms (Part 2) - Robert Bridge,"./summary/Year 4 , Module 04/09. Observable Signs & Symptoms (Part 2) - Robert Bridge-summary.txt",,,,
416,Year 4 , Module 04,10. Homeoprophylaxis - Ralf Jeutter,"./summary/Year 4 , Module 04/10. Homeoprophylaxis - Ralf Jeutter-summary.txt",,,,
417,Year 4 , Module 05,01. Introduction to Autoimmune Disease - Sian Moss,"./summary/Year 4 , Module 05/01. Introduction to Autoimmune Disease - Sian Moss-summary.txt",,,,
418,Year 4 , Module 05,02. Skin A&P - Sian Moss,"./summary/Year 4 , Module 05/02. Skin A&P - Sian Moss-summary.txt",,,,
419,Year 4 , Module 05,03. Sepsis - Mike Bridger,"./summary/Year 4 , Module 05/03. Sepsis - Mike Bridger-summary.txt",,,,
420,Year 4 , Module 05,04. Case Management (Part 1) - Susi Deller,"./summary/Year 4 , Module 05/04. Case Management (Part 1) - Susi Deller-summary.txt",,,,
421,Year 4 , Module 05,05. Case Management (Part 2) - Susi Deller,"./summary/Year 4 , Module 05/05. Case Management (Part 2) - Susi Deller-summary.txt",,,,
422,Year 4 , Module 05,06. Eczema (Part 1) - Hilery Dorrian,"./summary/Year 4 , Module 05/06. Eczema (Part 1) - Hilery Dorrian-summary.txt",,,,
423,Year 4 , Module 05,07. Eczema (Part 2) - Hilery Dorrian,"./summary/Year 4 , Module 05/07. Eczema (Part 2) - Hilery Dorrian-summary.txt",,,,
424,Year 4 , Module 05,08. Review of the Constitutions - Tony Hurley,"./summary/Year 4 , Module 05/08. Review of the Constitutions - Tony Hurley-summary.txt",,,,
425,Year 4 , Module 05,09. Complex Cases - Robert Bridge,"./summary/Year 4 , Module 05/09. Complex Cases - Robert Bridge-summary.txt",,,,
426,Year 4 , Module 05,10. Cycles of Practice - Robert Bridge,"./summary/Year 4 , Module 05/10. Cycles of Practice - Robert Bridge-summary.txt",,,,
427,Year 4 , Module 06,01. Developing a Thriving Practice (Part 1) - Caroline Gaskin,"./summary/Year 4 , Module 06/01. Developing a Thriving Practice (Part 1) - Caroline Gaskin-summary.txt",,,,
428,Year 4 , Module 06,02. Developing a Thriving Practice (Part 2) - Caroline Gaskin,"./summary/Year 4 , Module 06/02. Developing a Thriving Practice (Part 2) - Caroline Gaskin-summary.txt",,,,
429,Year 4 , Module 06,03. Hormone Havoc - Taryn Jacobs,"./summary/Year 4 , Module 06/03. Hormone Havoc - Taryn Jacobs-summary.txt",,,,
430,Year 4 , Module 06,04. Practitioner Development - Maggie Dixon,"./summary/Year 4 , Module 06/04. Practitioner Development - Maggie Dixon-summary.txt",,,,
431,Year 4 , Module 06,05. Thyroid and Polycystic Therapeutics - Dion Tabrett,"./summary/Year 4 , Module 06/05. Thyroid and Polycystic Therapeutics - Dion Tabrett-summary.txt",,,,
432,Year 4 , Module 06,06. Building a Successful Practice (Part 1) - Jenny Watson,"./summary/Year 4 , Module 06/06. Building a Successful Practice (Part 1) - Jenny Watson-summary.txt",,,,
433,Year 4 , Module 06,07. Building a Successful Practice (Part 2) - Jenny Watson,"./summary/Year 4 , Module 06/07. Building a Successful Practice (Part 2) - Jenny Watson-summary.txt",,,,
434,Year 4 , Module 06,08. Skin Pathologies - Sian Moss,"./summary/Year 4 , Module 06/08. Skin Pathologies - Sian Moss-summary.txt",,,,
435,Year 4 , Module 06,09. The Endocrine Sarcodes (Part 1) - Hilery Dorrian,"./summary/Year 4 , Module 06/09. The Endocrine Sarcodes (Part 1) - Hilery Dorrian-summary.txt",,,,
436,Year 4 , Module 06,10. The Endocrine Sarcodes (Part 2) - Hilery Dorrian,"./summary/Year 4 , Module 06/10. The Endocrine Sarcodes (Part 2) - Hilery Dorrian-summary.txt",,,,
437,Year 4 , Module 07,01. Difficult Cases - Colin Griffith,"./summary/Year 4 , Module 07/01. Difficult Cases - Colin Griffith-summary.txt",,,,
438,Year 4 , Module 07,02. Using Support Remedies - Colin Griffith,"./summary/Year 4 , Module 07/02. Using Support Remedies - Colin Griffith-summary.txt",,,,
439,Year 4 , Module 07,03. Skin Pathologies - Sian Moss,"./summary/Year 4 , Module 07/03. Skin Pathologies - Sian Moss-summary.txt",,,,
440,Year 4 , Module 07,04. Oncology (Part 1) - Sian Moss,"./summary/Year 4 , Module 07/04. Oncology (Part 1) - Sian Moss-summary.txt",,,,
441,Year 4 , Module 07,05. Oncology (Part 2) - Sian Moss-,"./summary/Year 4 , Module 07/05. Oncology (Part 2) - Sian Moss--summary.txt",,,,
442,Year 4 , Module 07,06. The Endocrine Sarcodes II (Part 1) - Hilery Dorrian,"./summary/Year 4 , Module 07/06. The Endocrine Sarcodes II (Part 1) - Hilery Dorrian-summary.txt",,,,
443,Year 4 , Module 07,07. The Endocrine Sarcodes II (Part 2) - Hilery Dorrian,"./summary/Year 4 , Module 07/07. The Endocrine Sarcodes II (Part 2) - Hilery Dorrian-summary.txt",,,,
444,Year 4 , Module 07,08. Scholten - Tony Hurley,"./summary/Year 4 , Module 07/08. Scholten - Tony Hurley-summary.txt",,,,
445,Year 4 , Module 07,09. The Curability of Tumours - Dion Tabrett,"./summary/Year 4 , Module 07/09. The Curability of Tumours - Dion Tabrett-summary.txt",,,,
446,Year 4 , Module 07,10. Ellis Barker - Dion Tabrett,"./summary/Year 4 , Module 07/10. Ellis Barker - Dion Tabrett-summary.txt",,,,
447,Year 4 , Module 08,01. Case Mapping in Pathology (MS) - Mike Bridger,"./summary/Year 4 , Module 08/01. Case Mapping in Pathology (MS) - Mike Bridger-summary.txt",,,,
448,Year 4 , Module 08,02. Depression - Mike Bridger,"./summary/Year 4 , Module 08/02. Depression - Mike Bridger-summary.txt",,,,
449,Year 4 , Module 08,03. Bufo & Related Remedies - Tony Hurley,"./summary/Year 4 , Module 08/03. Bufo & Related Remedies - Tony Hurley-summary.txt",,,,
450,Year 4 , Module 08,04. The Curability of Tumours II - Dion Tabrett,"./summary/Year 4 , Module 08/04. The Curability of Tumours II - Dion Tabrett-summary.txt",,,,
451,Year 4 , Module 08,05. Organ Support Review - Dion Tabrett,"./summary/Year 4 , Module 08/05. Organ Support Review - Dion Tabrett-summary.txt",,,,
452,Year 4 , Module 08,06. Infertility (Part 1) - Cassie Everett,"./summary/Year 4 , Module 08/06. Infertility (Part 1) - Cassie Everett-summary.txt",,,,
453,Year 4 , Module 08,07. Infertility (Part 2) - Cassie Everett-,"./summary/Year 4 , Module 08/07. Infertility (Part 2) - Cassie Everett--summary.txt",,,,
454,Year 4 , Module 08,08. Hahnemann's Errors - Ralf Jeutter,"./summary/Year 4 , Module 08/08. Hahnemann's Errors - Ralf Jeutter-summary.txt",,,,
455,Year 4 , Module 08,09. Australian Bush Essences (Part 1) - Caroline Gaskin,"./summary/Year 4 , Module 08/09. Australian Bush Essences (Part 1) - Caroline Gaskin-summary.txt",,,,
456,Year 4 , Module 08,10. Australian Bush Essences (Part 2) - Caroline Gaskin-,"./summary/Year 4 , Module 08/10. Australian Bush Essences (Part 2) - Caroline Gaskin--summary.txt",,,,
457,Year 4 , Module 09,01. Practice Building (Part 1) - Kiran Grover,"./summary/Year 4 , Module 09/01. Practice Building (Part 1) - Kiran Grover-summary.txt",,,,
458,Year 4 , Module 09,02. Practice Building (Part 2) - Kiran Grover,"./summary/Year 4 , Module 09/02. Practice Building (Part 2) - Kiran Grover-summary.txt",,,,
459,Year 4 , Module 09,03. The Calc's - Tony Hurley,"./summary/Year 4 , Module 09/03. The Calc's - Tony Hurley-summary.txt",,,,
460,Year 4 , Module 09,04. Hallucinogens & Anaesthesia - Colin Griffith,"./summary/Year 4 , Module 09/04. Hallucinogens & Anaesthesia - Colin Griffith-summary.txt",,,,
461,Year 4 , Module 09,05. Case Work - Colin Griffith,"./summary/Year 4 , Module 09/05. Case Work - Colin Griffith-summary.txt",,,,
462,Year 4 , Module 09,06. Nutrition (Part 1) - Naomi Devlin,"./summary/Year 4 , Module 09/06. Nutrition (Part 1) - Naomi Devlin-summary.txt",,,,
463,Year 4 , Module 09,07. Nutrition (Part 2) - Naomi Devlin,"./summary/Year 4 , Module 09/07. Nutrition (Part 2) - Naomi Devlin-summary.txt",,,,
464,Year 4 , Module 09,08. Cancer (Part 1) - Hilery Dorrian,"./summary/Year 4 , Module 09/08. Cancer (Part 1) - Hilery Dorrian-summary.txt",,,,
465,Year 4 , Module 09,09. Cancer (Part 2) - Hilery Dorrian,"./summary/Year 4 , Module 09/09. Cancer (Part 2) - Hilery Dorrian-summary.txt",,,,
466,Year 4 , Module 10,01. Cancer II (Part 1) - Hilery Dorrian,"./summary/Year 4 , Module 10/01. Cancer II (Part 1) - Hilery Dorrian-summary.txt",,,,
467,Year 4 , Module 10,02. Cancer II (Part 2) - Hilery Dorrian,"./summary/Year 4 , Module 10/02. Cancer II (Part 2) - Hilery Dorrian-summary.txt",,,,
468,Year 4 , Module 10,03. Anaemias - Sian Moss,"./summary/Year 4 , Module 10/03. Anaemias - Sian Moss-summary.txt",,,,
469,Year 4 , Module 10,04. Practitioner Development II (Part 1) - Maggie Dixon,"./summary/Year 4 , Module 10/04. Practitioner Development II (Part 1) - Maggie Dixon-summary.txt",,,,
470,Year 4 , Module 10,05. Practitioner Development II (Part 2) - Maggie Dixon,"./summary/Year 4 , Module 10/05. Practitioner Development II (Part 2) - Maggie Dixon-summary.txt",,,,
471,Year 4 , Module 10,06. Prescribing Styles - Robert Bridge,"./summary/Year 4 , Module 10/06. Prescribing Styles - Robert Bridge-summary.txt",,,,
472,Year 4 , Module 10,07. Therapeutics - Dion Tabrett,"./summary/Year 4 , Module 10/07. Therapeutics - Dion Tabrett-summary.txt",,,,
473,Year 4 , Module 10,08. The Small Botanicals - Tony Hurley,"./summary/Year 4 , Module 10/08. The Small Botanicals - Tony Hurley-summary.txt",,,,
474,Year 4 , Module 10,09. Farewell - Marcus & Susi,"./summary/Year 4 , Module 10/09. Farewell - Marcus & Susi-summary.txt",,,,
